Question ID,Question Text,Question Type,Option 1,Option 2,Option 3,Option 4,Option 5,Correct Answer,Image
1718,Which of the following traits do archaea and bacteria share?,Multiple Choice,Composition of the cell wall,Lack of a nuclear envelope,Presence of plasma membrane,Composition of a cell wall and lack of a nuclear envelope,Lack of a nuclear envelope and presence of a plasma membrane,5,/static/images/q30.png
1719,Prokaryotes are classified as belonging to two different domains. What are the domains?,Multiple Choice,Bacteria and Eukarya,Archaea and Monera,Eukarya and Monera,Bacteria and Protista,Bacteria and Archaea,5,
1720,A water sample from a hot thermal vent contained a single-celled organism that had a cell wall but lacked a nucleus. What is its most likely classification?,Multiple Choice,Eukarya,Archaea,Animalia,Protista,Fungi,2,
1721,What organisms are most numerous on Earth?,Multiple Choice,Eukaryotes,Archaea,Prokaryotes,Plants,Insects,3,
1722,Which of the following describe all existing bacteria?,Multiple Choice,"Pathogenic, omnipresent, and morphologically diverse","Extremophiles, tiny, and abundant","Small, harmful, and fast-growing","Tiny, ubiquitous, and metabolically diverse","Morphologically diverse, metabolically diverse, and extremophiles",4,
1723,"To establish a link between a specific bacterium and a skin disease, researchers have shown that the bacterium was present in sick persons but not in healthy individuals. They isolated the bacterium in a pure culture and demonstrated that experimental healthy animals injected with this culture became sick. What other experiment do researchers need to perform to be absolutely sure that the bacterium is responsible for the disease?",Multiple Choice,Demonstrate that the bacterium belongs to the pathogenic lineage,Demonstrate that the bacterium is not able to live outside of humans or animals,Isolate bacterium from an infected sick animal and demonstrate that it is the same bacterium as the one used for infection,Isolate bacterium from an infected sick animal and demonstrate that it is susceptible to broad spectrum antibiotics,,3,
1724,"Chemicals, secreted by soil fungi, which inhibit the growth of bacteria, are known as _______.",Multiple Choice,antibodies,aflatoxins,hallucinogens,antigens,antibiotics,5,
1725,What is the goal of bioremediation?,Multiple Choice,To improve human health with the help of living organisms such as bacteria,To clean up areas polluted with toxic compounds by using living organisms such as bacteria,To improve soil quality for plant growth by using bacteria,To improve bacteria for production of useful chemicals,To kill pathogenic bacteria with the use of antibiotics,2,
1726,Some researchers have begun attempting to clean up oil spills by adding nonindigenous microbial hydrocarbon degraders to the spill... This is an example of _______.,Multiple Choice,bioremediation via fertilization,seeding,production of a new antibiotic,use of extremophiles for cleanup of organic solvents,,2,
1727,You need to identify the major type of bacteria living on the shower curtain in your bathroom and find out what they use as a food source. What is the most efficient method for answering this question?,Multiple Choice,Enrichment culture,Producing a molecular phylogeny,Direct sequencing,Enrichment culture and direct sequencing are equally efficient methods.,,1,
1728,Broad-spectrum antibiotics inhibit the growth of most intestinal bacteria. Consequently... a hospital patient who is receiving broad-spectrum antibiotics is most likely to become _______.,Multiple Choice,unable to fix carbon dioxide,antibiotic-resistant,unable to fix nitrogen,unable to synthesize peptidoglycan,deficient in certain vitamins and nutrients,5,
1729,Carl Woese and collaborators identified two major branches of prokaryotic evolution. What was the basis for dividing prokaryotes into two domains?,Multiple Choice,Microscopic examination of staining characteristics of the cell wall,Metabolic characteristics such as the production of methane gas,Metabolic characteristics such as chemoautotrophy and photosynthesis,Genetic characteristics such as ribosomal RNA sequences,Ecological characteristics such as the ability to survive in extreme environments,4,
1730,You might be interested to know how many different types of bacteria live on the shower curtain in your bathroom. What is the most efficient method for finding out?,Multiple Choice,Producing a molecular phylogeny,Enrichment culture,Direct sequencing,Enrichment culture and direct sequencing are equally efficient methods.,,3,
1731,Researchers isolated the first bacteria able to degrade TCA. They found that the bacteria use hydrogen as an electron donor TCA as an electron acceptor and acetate as a carbon source. Deduce the method used to isolate these bacteria.,Multiple Choice,Gram staining,Enrichment culture,Direct sequencing,Seeding,,2,
1732,Microbiologists use the Gram stain to aid in the identification of bacteria. What is the major difference between Gram-positive and Gram-negative bacteria?,Multiple Choice,Structure of nucleotides in the plasma membrane,Presence or absence of muramic acid in the cell wall,Presence or absence of peptidoglycan in the cell wall,Presence or absence of outer plasma membrane,,4,
1733,Biologists sometimes divide living organisms into two groups: autotrophs and heterotrophs. These two groups differ in _______.,Multiple Choice,their sources of energy,their electron acceptors,their mode of nutrition,the way that they generate ATP,,3,
1734,Imagine that you are given some chemoorganotrophic bacteria to grow. What should you use as a source of energy for this type of bacteria?,Multiple Choice,Light,Methane,Ammonia,Hydrogen sulfide,Sugar,5,
1735,A prokaryote that obtains energy and carbon as it decomposes dead organisms is a(n) _______.,Multiple Choice,autotroph,chemotroph,autotroph and phototroph,heterotroph and chemotroph,"autotroph, phototroph, and chemotroph",4,
1736,A prokaryote that obtains carbon and energy by ingesting prey is a(n) _______.,Multiple Choice,autotroph,chemotroph,autotroph and phototroph,heterotroph and chemotroph,"autotroph, phototroph, and chemotroph",4,
1737,A prokaryote that obtains energy from light is a(n) _______.,Multiple Choice,chemotroph,phototroph,autotroph and phototroph,heterotroph and chemotroph,"autotroph, phototroph, and chemotroph",2,
1738,Which of the following obtain energy by oxidizing inorganic substances to obtain energy that is used in part to fix carbon dioxide?,Multiple Choice,Photoautotrophs,Photoheterotrophs,Chemoautotrophs,Chemoheterotrophs that perform decomposition,Parasitic chemoheterotrophs,3,
1739,The purple nonsulfur bacterium Rhodospirillum grows best as a photoheterotroph. What are the most favorable sources of energy and carbon for this bacterium?,Multiple Choice,Methane and carbon dioxide,Fructose and light,Light and carbon dioxide,Glucose,,2,
1740,A newly discovered organism is found to use sulfide (S2-) for aerobic respiration and carbon dioxide (CO2) from the air as a source of carbon much like a plant. This organism must be a _______.,Multiple Choice,photoautotroph,chemoorganoautotroph,photoheterotroph,chemolithotrophic heterotroph,chemolithoautotroph,5,
1741,What kind of molecules serve as electron acceptors in cellular respiration?,Multiple Choice,Water,Polar molecules,Molecules with high potential energy,Molecules with low potential energy,Molecules in an excited state,4,
1742,When some bacteria use lactose as a source of energy they produce propionic acid and carbon dioxide. What is the name for this process?,Multiple Choice,Fermentation,Cellular respiration,Chemical synthesis,Photosynthesis,Carbon fixation,1,
1743,A biologist... provides several different substrates on which the bacteria can feed. Which of the following results would indicate that the species uses fermentation to produce ATP?,Multiple Choice,The bacteria utilize glucose and produce carbon dioxide as a by-product of respiration.,After the bacteria break down their substrate the biologist notices a rotten egg smell.,The biologist discovers that the bacteria are able to produce organic molecules by metabolizing methane.,After exposure to amino acids the bacteria produce a smell like rotting flesh.,,4,
1744,During cellular respiration some bacteria use methane (CH4) as an electron donor and oxygen (O2) as an electron acceptor. What is the name for this group of bacteria?,Multiple Choice,Methanogens,Methanotrophs,Organotrophs,Nitrifiers,,2,
1745,A bacterium was grown in two test tubes filled with media rich in glucose. One tube was sealed to produce anaerobic conditions and the other was not. If the bacterium is able to produce ATP only by aerobic respiration we expect lightening of media in _______.,Multiple Choice,the sealed tube only,the unsealed tube only,the sealed and unsealed tubes only,the control tube only,all three tubes,2,
1746,Which of the following extremophiles might researchers most likely use as a model for the earliest organisms on Earth?,Multiple Choice,A bacterium capable of living at extremely high salinity,A bacterium found on another planet or moon,An archaean capable of surviving in the polar ice caps,An anaerobic archaean species,A bacterium that thrives in a highly acidic environment,4,
1747,You acquire a soil sample and run an enrichment culture on it. You provide the organisms in the culture with all of the ingredients required for growth except for nitrogen. What result do you expect?,Multiple Choice,Nitrogen-fixing bacteria will significantly outnumber those incapable of fixing nitrogen,Nitrogen-fixing bacteria will not be present in the culture,Nitrogen-fixing bacteria will be present but not at significantly greater numbers than non-nitrogen-fixing species,Nitrogen-fixing bacteria will be present but will be significantly outnumbered by non-nitrogen-fixing species,,1,
1748,Multicellularity and large body size of eukaryotic organisms require high metabolic rates and efficient ATP production by aerobic respiration. How did bacteria change Earth’s atmosphere to enable aerobic respiration?,Multiple Choice,Oxygenic photosynthesis by cyanobacteria significantly increased the amount of oxygen in the atmosphere.,Splitting of water during anaerobic respiration by cyanobacteria dramatically increased the amount of oxygen in the atmosphere.,Nitrogen fixation by cyanobacteria decreased the amount of nitrogen in the atmosphere leading to the simultaneous increase of oxygen.,Anaerobic respiration by cyanobacteria increased the amount of oxygen in the atmosphere by reducing the amount of iron oxides...,,1,
1749,What is the characteristic feature of the Chlamydiales phylum?,Multiple Choice,Unusual flagella,Formation of colonies,Rod shape,Parasitic life cycle,,4,
1750,You run an osteology lab... you introduce insects and bacteria to remove all remaining flesh. Which bacteria would be the best purchase for your lab?,Multiple Choice,Spirochaetes,Actinobacteria,Chlamydiae,Cyanobacteria,Proteobacteria,2,
1751,You have found a new prokaryote. What line of evidence would support your hypothesis that the organism is a cyanobacterium?,Multiple Choice,It is able to form colonies and produce oxygen.,It is an endosymbiont.,It forms chains called mycelia.,You determine that it can cause Lyme disease.,It lacks cell walls.,1,
1752,Which of the following groups is characterized by unusual flagella contained within a structure called the outer sheath?,Multiple Choice,Spirochaetes/Spirochetes,Proteobacteria,Firmicutes,Chlamydiales,Euryarchaeota,1,
1753,Plantlike photosynthesis that releases oxygen (O2) occurs in _______.,Multiple Choice,cyanobacteria,chlamydias,archaea,actinomycetes,chemoautotrophic bacteria,1,
1754,Researchers have found a new type of bacteria and they want to determine its phylum. What would be the most reliable method to do so?,Multiple Choice,Conducting a Gram-stain test,Performing an analysis of metabolic pathways,Determining the ribosomal RNA sequence of the bacteria,Analyzing the morphological characteristics of the bacteria,,3,
1755,Which of the following lineages have members found in highly acidic environments?,Multiple Choice,Crenarchaeota (Eocytes) only,Euryarchaeota only,Thaumarchaeota only,Both Crenarchaeota (Eocytes) and Euryarchaeota,"Crenarchaeota (Eocytes), Euryarchaeota, and Thaumarchaeota",4,
1756,Members of the Euryarchaeota can be found in which habitat(s)?,Multiple Choice,Acidic hot springs only,Highly alkaline environments only,The human intestine only,Acidic hot springs and highly alkaline environments,"Acidic hot springs, highly alkaline environments, and the human intestine",5,
1757,What is the advantage of using rRNA over mRNA for the construction of phylogenetic trees?,Multiple Choice,There is no advantage per se; rRNA is more commonly used because it was the first method developed.,Only higher eukaryotes possess rRNA; therefore phylogenetic trees constructed from these sources are more accurate.,mRNA transcripts vary greatly as they are dependent upon the genome of the organism whereas rRNA is found in all organisms.,mRNA transcripts are too conserved among organisms and therefore cannot be used to construct phylogenies.,,3,
1758,In which of the following environments would one expect to find prokaryotes?,Multiple Choice,On the human body,The Great Salt Lake,Mount Saint Helens volcano,In fresh soil,All of these environments contain prokaryotes.,5,
1759,Tetanus is a bacterial infection... How do these bacteria survive in the inhospitable environment of a rusty nail?,Multiple Choice,Peptidoglycan-rich cell walls can be recycled as a fuel source.,The bacteria acquire mutations that permit survival in this environment.,The bacteria form endospores with no metabolic activity.,The bacteria convert to an anaerobic metabolic strategy.,,3,
1760,Bioremediation can be accomplished by adding nitrogen to a site contaminated by an oil spill. How does this occur?,Multiple Choice,Nitrogen can react with oil to form a new non-hazardous compound.,Nitrogen encourages the growth of prokaryotes that feed on oil.,Nitrogen is used as a fuel source by bacteria that degrade oil.,Nitrogen dilutes the oil to non-hazardous levels.,Addition of nitrogen cannot be used as a method of bioremediation.,2,
1761,A gut sample is the subject of a study to identify new bacteria. Which of the following molecules is most useful in a metagenomic approach?,Multiple Choice,Carbohydrates,DNA,Enzymes,Ribosomes,Antibodies,2,
1762,On which parts of a healthy human body is one likely to find a prokaryote-rich microbiome?,Multiple Choice,Mouth,Heart,Liver,Blood,Muscle,1,
1763,Genetic recombination in bacteria does NOT occur by which of the following mechanisms?,Multiple Choice,Transformation,Transduction,Conjugation,Meiosis,,4,
1764,Viral genes can be introduced into bacteria by which of the following mechanisms?,Multiple Choice,Transformation,Transduction,Plasmid transfer via conjugation,Recombination via conjugation,,2,
1765,Consider three species... Species A uses Iron as an electron acceptor. Species B uses Nitrate... Species C uses Oxygen... Which species will harvest the least amount of energy from a single molecule of glucose?,Multiple Choice,Species A,Species B,Species C,"Species A, B, and C will harvest the same amount of energy.",,1,
1766,What property of atmospheric nitrogen prevents eukaryotes from using this form of nitrogen in protein and nucleic acid synthesis?,Multiple Choice,Low abundance,Poor absorption,Instability of the N2 molecule,The strong triple bond between nitrogen atoms,Sequestering of the N2 molecule in the mitochondria for use as a final electron acceptor,4,
1767,Firmicutes are commonly found in the human gut. These bacteria are most likely to be _______.,Multiple Choice,chemotroph,phototroph,autotroph and phototroph,heterotroph and chemotroph,"autotroph, phototroph, and chemotroph",4,
1768,The protist lineage includes all eukaryotes EXCEPT _______.,Multiple Choice,"land plants, fungi, and archaea","fungi, archaea, and bacteria","animals, land plants, and fungi","archaea, bacteria, and animals","animals, land plants, and archaea",3,
1,What Organisms Are Most Numerous On Earth?,Multiple Choice,Eukaryotes,Archaea,Prokaryotes,Plants,Insects,3,
2,"To Establish A Link Between A Specific Bacterium And A Skin Disease, Researchers Have Shown That Bacterium Was Present In Sick Persons But Not In Healthy Individuals. They Isolated The Bacterium In A Pure Culture And Demonstrated That Experimental Healthy Animals Injected With This Culture Became Sick. What Other Experiment Do Researchers Need To Perform To Be Absolutely Sure That The Bacterium Is Responsible For The Disease?",Multiple Choice,Demonstrate That The Bacterium Belongs To The Pathogenic Lineage.,Demonstrate That The Bacterium Is Not Able To Live Outside Of Humans Or Animals.,Isolate Bacterium From An Infected Sick Animal And Demonstrate That It Is The Same Bacterium As The One Used For Infection.,Demonstrate All Of The Above.,No Experiments Need To Be Done Because There Are Enough Data To Establish That Skin Disease Is Caused By The Investigated Bacterium.,3,
3,What Do Bacteria Have In Common With Archaea But Not With Eukarya?,Multiple Choice,Unicellular Structure,Peptidoglycan Cell Walls,Transcription Mechanism Begins With Formylmethionine,Absence Of Nucleus,All Of The Above,4,
4,"While Examining A Rock Surface, You Have Discovered An Interesting New Organism. Which Of The Following Criteria Will Allow You To Classify The Organism As Belonging To Bacteria, But Not Archaea Or Eukarya?",Multiple Choice,It Is Unicellular.,Its Cell Walls Are Made Primarily Of Peptidoglycan.,The Organism Does Not Have Nucleus.,It Can Survive At A Temperature Over 100°C.,,2,
5,Which Of The Following Describe All Existing Bacteria?,Multiple Choice,"Pathogenic, Omnipresent, Morphologically Diverse","Extremophiles, Tiny, Abundant","Small, Harmful, Fast-Growing","Tiny, Ubiquitous, Metabolically Diverse",All Of The Above,4,
6,Multicellularity And Large Body Size Of Eukaryotic Organisms Requires High Metabolic Rates And Efficient ATP Production By Aerobic Respiration. How Did Bacteria Change Earth's Atmosphere To Enable Aerobic Respiration?,Multiple Choice,Oxygenic Photosynthesis By Cyanobacteria Significantly Increased The Amount Of Oxygen In The Atmosphere.,Splitting Of Water During Anaerobic Respiration By Cyanobacteria Dramatically Increased The Amount Of Oxygen In The Atmosphere.,Nitrogen Fixation By Cyanobacteria Decreased The Amount Of Nitrogen In The Atmosphere Leading To Simultaneous Increase Of Oxygen.,Anaerobic Respiration By Cyanobacteria Increased The Amount Of Oxygen In The Atmosphere By Reducing The Amount Of Iron Oxides That Are Able To React Instantly With Oxygen.,,1,
7,"Use Of Synthetic Fertilizers Often Leads To The Contamination Of Groundwater With Nitrates. Nitrate Pollution Is Also A Suspected Cause Of Anoxic ""Dead Zones"" In The Ocean. Which Of The Following Might Help Reduce Nitrate Pollution?",Multiple Choice,Growing Improved Crop Plants That Have Nitrogen-Fixing Enzymes,Adding Nitrifying Bacteria To The Soil,Adding Denitrifying Bacteria To The Soil,Using Ammonia Instead Of Nitrate As A Fertilizer,All Of The Above,1,
8,Bacteria And Archaea Are Most Easily Distinguished From Each Other By Their,Multiple Choice,Chromosome Structure.,Habitat.,Transcription And Translation Mechanism.,Reproduction Method.,,3,
9,What Is The Goal Of Bioremediation?,Multiple Choice,Improve Human Health With The Help Of Living Organisms Such As Bacteria.,Clean Up Areas Polluted With Toxic Compounds By Using Bacteria.,Improve Soil Quality For Plant Growth By Using Bacteria.,Improve Bacteria For Production Of Useful Chemicals.,All Of The Above Are Correct.,2,
10,Starting In 1945 Escherichia Coli Became A Bacterium Of Choice To Study Basic Cellular Processes And Gene Function. What Specific Feature Of E. Coli Is Responsible For Its Rise To Prominence As A Model System?,Multiple Choice,Ability To Grow In Suspension Culture And On Agar Plates,Ability To Transfer A Copy Of A Plasmid From One Cell To Another,Very Fast Growth Rate,"The Fact That It Has Small, Circular DNA",,2,
11,You Have Decided To Grow E. Coli To Isolate A Specific Enzyme. For Your Experiment Which Of The Following Conditions Would Enable You To Grow A Maximum Amount Of Bacteria In The Shortest Time Possible?,Multiple Choice,Growing In Suspension Culture At 25°C,Growing On Agar Plates At 25°C,Growing In Suspension Culture At 37°C,Growing On Agar Plates At 37°C,"As Long As You Grow Bacteria At 25°C, It Does Not Matter If They Are Grown On Agar Plates Or In Suspension Culture.",3,
12,You Might Be Interested To Know How Many Different Types Of Bacteria Live On The Shower Curtain In Your Bathroom. What Is The Most Efficient Method For Answering This Question?,Multiple Choice,Enrichment Culture,Direct Sequencing,Enrichment Culture And Direct Sequencing Are Equally Efficient Methods.,,,2,
13,You Need To Identify The Major Type Of Bacteria Living On The Shower Curtain In Your Bathroom And Find Out What They Use As A Food Source. What Is The Most Efficient Method For Answering This Question?,Multiple Choice,Enrichment Culture,Direct Sequencing,Enrichment Culture And Direct Sequencing Are Equally Efficient Methods.,,,1,
14,Researchers Have Found A New Type Of Bacteria And They Want To Determine Its Phylum. What Would Be The Most Reliable Method To Do So?,Multiple Choice,Conduct A Gram-Stain Test.,Perform An Analysis Of Metabolic Pathways.,Determine The Ribosomal RNA Sequence Of The Bacteria.,Analyze The Morphological Characteristics Of The Bacteria.,,3,
15,Which Are Evolutionarily More Closely Related?,Multiple Choice,Bacteria And Archaea,Archaea And Eukarya,Bacteria And Eukarya,"Bacteria, Eukarya, And Archaea Are Equally Related To Each Other.",,2,
16,What Is The Right Progression Of Steps For A Direct-Sequencing Experiment?,Multiple Choice,"Lyse Cells, Purify DNA, Amplify Genes By PCR, And Insert Genes Into Plasmids.","Lyse Cells, Insert Genes Into Plasmid, Purify DNA, And Amplify Genes By PCR.","Lyse Cells, Insert Genes Into Plasmid, Amplify Genes By PCR, And Purify DNA.","Purify DNA, Amplify Genes By PCR, Lyse Cells, And Insert Genes Into Plasmid.",,1,
17,"An Organic Solvent Widely Used In Industrial Processes—1,1,1-Trichloroethane (TCA)—Is A Major Environmental Pollutant Affecting Human Health And Damaging The Ozone Layer. Recently, Researchers Isolated The First Bacteria Able To Degrade TCA. They Found That The Bacteria Use Hydrogen As An Electron Donor, TCA As Electron Acceptor, And Acetate As A Carbon Source. Based On The Preceding Information, Deduce The Method Used To Isolate These Bacteria.",Multiple Choice,Gram Staining,Enrichment Culture,Direct Sequencing,Seeding,,2,
18,Microbiologists Use The Gram Stain To Aid In Identification Of Bacteria. What Is The Major Difference Between Gram-Positive And Gram-Negative Bacteria?,Multiple Choice,Structure Of The Lipids In The Plasma Membrane,Presence Or Absence Of Muramic Acid In The Cell Wall,Presence Or Absence Of Peptidoglycan In The Cell Wall,Presence Or Absence Of Outer Membrane,,4,
19,Imagine That You Are Given Some Chemoorganotrophic Bacteria To Grow. What Should You Use As A Source Of Energy For This Type Of Bacteria?,Multiple Choice,Light,Methane,Ammonia,Sugar,Any Of The Above,4,
20,Biologists Sometimes Divide Living Organisms Into Two Groups: Autotrophs And Heterotrophs. How Do These Two Groups Differ?,Multiple Choice,They Use Different Sources Of Energy.,They Use Different Electron Acceptors.,They Use Different Sources Of Carbon.,They Differ In The Way They Generate ATP.,,3,
21,The Purple Non-Sulfur Bacterium Rhodospirillum Grows Best As A Photoheterotroph. What Are The Most Favorable Sources Of Energy And Carbon For This Bacterium?,Multiple Choice,Methane And CO2,Fructose And Light,Light And CO2,Glucose,,2,
22,Which Of The Following Can A Chemolithotrophic Bacteria Use As A Source Of Energy?,Multiple Choice,Light,Glucose,Water,Ammonia,,4,
23,Which Of The Following Is Correct?,Multiple Choice,"During Oxygenic Photosynthesis, Water Is Used As A Source Of Electrons; During Non-Oxygenic Photosynthesis, Hydrogen Sulfide Is Used As A Source Of Electrons.","During Oxygenic Photosynthesis, Hydrogen Sulfide Is Used As A Source Of Electrons; During Non-Oxygenic Photosynthesis, Water Is Used As A Source Of Electrons.","During Oxygenic Photosynthesis, Oxygen Is Used As A Source Of Electrons; During Non-Oxygenic Photosynthesis, Water Is Used As A Source Of Electrons.","During Oxygenic Photosynthesis, Oxygen Is Used As A Source Of Electrons; During Non-Oxygenic Photosynthesis, Hydrogen Sulfide Is Used As A Source Of Electrons.",,1,
24,What Is The Major Goal Of Cellular Respiration?,Multiple Choice,Reduce An Electron Acceptor Molecule,Supply Cell With Fixed Carbon,Produce ATP,Generate O2,All Of The Above Answers Apply.,3,
25,What Kind Of Molecules Serve As Electron Acceptors In Cellular Respiration?,Multiple Choice,Water,Polar Molecules,Molecules With High Potential Energy,Molecules With Low Potential Energy,Molecules In An Excited State,4,
26,"When Some Bacteria Use Lactose As A Source Of Energy, They Produce Propionic Acid And CO2. What Is The Name For This Process?",Multiple Choice,Fermentation,Cellular Respiration,Chemical Synthesis,Photosynthesis,Carbon Fixation,1,
27,Bacteria Participate In The Nitrogen Cycle Through Which Mechanism?,Multiple Choice,Nitrogen Fixation,Nitrification,Denitrification,Decomposition,All Of The Above,5,
28,During Cellular Respiration Some Bacteria Use CH4 As An Electron Donor And O2 As An Electron Acceptor. What Is The Name For This Group Of Bacteria?,Multiple Choice,Methanogens,Methanotrophs,Organotrophs,Nitrifiers,,2,
29,"A Bacterium Was Grown In Two Test Tubes Filled With Media Rich In Glucose. One Tube Was Sealed To Produce Anaerobic Conditions, And The Other Was Not. A Third Uninoculated, Unsealed Tube Was Used As A Control. Glucose Utilization By This Bacterium Causes Acid Production, Which Is Indicated By A Lightening Of The Media Color. If The Bacterium Is Able To Produce ATP Only By Respiration, Which Result Do You Expect To Receive?",Multiple Choice,Lightening Of Media In The Sealed Tube Only,Lightening Of Media In The Unsealed Tube Only,Lightening Of Media In The Sealed And Unsealed Tubes Only,Lightening Of Media In The Control Tube Only,Lightening Of Media In All Three Tubes,2,
30,Bacteria Able To Perform The NH4+ + NO2- -> N2 + 2H2O Reaction Have Been Discovered In Laboratory Bioreactors... Researchers Predicted That These Bacteria Should Exist In Oceans... At What Depth Would You Expect To Find The Bacteria?,Multiple Choice,In The Top 5 Meters,In The Top 50 Meters,At A Depth Of 75 Meters,At A Depth Of 92 Meters,Below 100 Meters,4,static/images/q30.png
31,What Is The Characteristic Feature Of The Chlamydiales Phylum?,Multiple Choice,Unusual Flagella,Formation Of Colonies,Rod Shape,Parasitic Life Cycle,All Of The Above,4,
32,What Do Nitrogen Fixation Genes And Antibiotic Resistance Genes Have In Common?,Multiple Choice,They Are Located On The Bacteria Chromosome.,They Spread By Lateral Gene Transfer.,They Exist Only In Parasitic Proteobacteria.,They Evolved Recently.,All Of The Above Answers Apply.,2,
33,What Experiment Can Distinguish Between High-GC Gram-Positive Bacteria And Low-GC Gram-Positive Bacteria?,Multiple Choice,Analysis Of Cell Shape,Gram-Staining Test,DNA Analysis,Analysis Of Metabolic Pathways,,3,
34,You Have Found A Prokaryote That Is Able To Form Colonies And Produce Oxygen. To What Lineage Does It Belong?,Multiple Choice,Cyanobacteria,Chlamydiales,Actinobacteria,Proteobacteria,Crenarchaeota,1,
35,Which Of The Following Groups Is Characterized By Unusual Flagella Contained Within A Structure Called The Outer Sheath?,Multiple Choice,Spirochaeles,Proteobacteria,Firmicutes,Chlamydiales,Euryarchaeota,1,
36,While Examining Soil From A Cornfield You Found A New Type Of Bacteria That Turns Purple When Treated With Gram Stain. What Lineage Might It Belong To?,Multiple Choice,Spirochaeles,Proteobacteria,Cyanobacteria,Firmicutes,Chlamydiales,4,
37,Which Of The Following Lineages Do Not Contain Bacteria That Are Photosynthetic?,Multiple Choice,Spirochaeles,Proteobacteria,Cyanobacteria,Actinobacteria,All Of The Above Can Perform Photosynthesis.,1,
38,Which Of The Following Statements Best Defines A Psychrophile?,Multiple Choice,A Micro-Organism Capable Of Living In Extremely Cold Environments.,A Micro-Organism Capable Of Living In Environments With An Extremely High Salt Concentration.,A Micro-Organism That Lives In An Environment With Moderate Temperatures.,A Micro-Organism Capable Of Living In Extremely Hot Environments.,,1,
1,Which Of The Following Protists Causes The Human Disease Malaria?,Multiple Choice,Giardia,Plasmodium,Trichomonas,Leishmania,,2,
2,Encouraging The Growth (Via Nutrient Fertilization) Of Photosynthetic Protists In Marine Environments May Help Reduce Global Warming. Why?,Multiple Choice,"Photosynthetic Protists Give Off A Lot Of Carbon Dioxide, And Fertilizing Them Would Increase Carbon Dioxide Levels In The Atmosphere.","Photosynthetic Protists Fix Atmospheric Carbon Dioxide, Decreasing Carbon Dioxide Levels In The Atmosphere.","Photosynthetic Protists Use A Lot Of Oxygen, And Fertilizing Them Would Decrease Oxygen Levels In The Environment.","Photosynthetic Protists Would Release A Lot Of Oxygen, And Fertilizing Them Would Increase Levels Of Oxygen In The Atmosphere.",,2,
Problem 1,What do some photosynthetic bacteria use as a source of electrons instead of water?,Multiple Choice,Oxygen (O2),Hydrogen sulfide (H2S),Organic compounds (e.g. CH3COO−),Nitrate (NO3-),,2,
Problem 2,What are organisms called that use inorganic compounds as electron donors in cellular respiration?,Multiple Choice,Phototrophs,Heterotrophs,Organotrophs,Lithotrophs,,4,
Problem 3,Unlike plant cell walls that contain cellulose bacterial cell walls are composed of ___________.,Fill-in-the-blank,Answer- Peptidoglycan,,,,,1,
Problem 5,What has metagenomic analysis allowed researchers to do for the first time?,Multiple Choice,sample organisms from an environment and grow them under defined conditions in the lab,isolate organisms from an environment and sequence their entire genome,study organisms that cannot be cultured (grown in the lab),identify important morphological differences among species,,3,
Problem 6,Biologists often use the term 'energy source' as a synonym for 'electron donor.' Why?,Short Answer,Biologists use these terms interchangeably because electron donors are molecules with high potential energy. During cellular respiration enzymes strip electrons from these organic molecules and transfer them to an electron transport chain; the energy released as these electrons move through the chain is used to generate ATP. Therefore the electron donor provides the potential energy required for the cell’s metabolic processes,,,,,1,
Problem 7,The text claims that the evolution of an oxygen-rich atmosphere paved the way for increasingly efficient cellular respiration and higher growth rates in organisms. Explain.,Short Answer,Oxygen is extremely electronegative making it a highly efficient electron acceptor. Cellular respiration using oxygen as the final electron acceptor releases significantly more energy than respiration using other substances (such as iron or nitrate). This increased energy yield allows cells to produce much more ATP for every electron donor oxidized supporting higher metabolic rates and faster growth,,,,,1,
Problem 9,Streptococcus mutans obtains energy by oxidizing sucrose... Propose a hypothesis to explain this observation and outline a study design.,Short Answer,"• Hypothesis: The abundance of Streptococcus mutans in the mouths of children is directly dependent on the availability of sucrose in their diet; therefore the high incidence of the bacterium in Western populations is caused by high dietary sucrose intake while its absence in East African populations is due to low sucrose intake.
• Study Design: Conduct an observational study comparing the daily sucrose consumption of children in both populations and correlating it with S. mutans counts. Alternatively design an experiment using enrichment cultures where S. mutans is grown in media with varying concentrations of sucrose to demonstrate that sucrose is a limiting factor for its growth",,,,,1,
Problem 10,Where would you go to look for bacteria that can metabolize benzene and how would you design an enrichment culture?,Short Answer,"• Location: You should look in soil or water samples from sites contaminated with organic solvents or toxic waste as natural selection would have favored the growth of organisms capable of degrading benzene in those environments.
• Enrichment Culture Design: Prepare a culture medium where benzene is the sole source of carbon and energy. Incubate the environmental samples under specific conditions (controlled temperature and lighting) that favor the growth of benzene-metabolizing species while inhibiting those that require other food sources",,,,,1,
Problem 11,What conclusions can be drawn regarding the impact of FMT from depressed individuals on behaviors associated with depression and anxiety in rats?,Short Answer,Rats that received a fecal microbiota transfer (FMT) from depressed human patients exhibited behaviors associated with depression such as a reduced preference for sucrose (anhedonia) and higher levels of anxiety evidenced by spending less time in the center of an open field compared to controls. This indicates that the composition of the gut microbiome can causally influence behaviors related to depression and anxiety.,,,,,1,
Problem 12,What conclusion can be drawn regarding the relationship between microbiome diversity and mental health in rats?,Short Answer,"Based on the results showing that rats in the ""Depression"" group (recipients of FMT from depressed patients) had significantly lower species richness than the ""Control"" group it can be concluded that lower microbiome diversity is associated with the presence of depression and anxiety-like behaviors. Conversely higher diversity appears linked to better mental health outcomes.",,,,,1,
Problem 13,Why was it important for the rats used in the study to be free of gut microbiota to begin with?,Short Answer,Using rats free of gut microbiota was essential to ensure that any observed changes in behavior or physiology were caused specifically by the transplanted microbiome from the human donors. This eliminated the possibility that pre-existing rat bacteria or interactions between resident and introduced species were responsible for the results.,,,,,1,
Problem 14,Which of the following is a structural difference between Paraprevotella and methicillin-resistant Staphylococcus aureus (MRSA)?,Multiple Choice,Paraprevotella contains a thick layer of peptidoglycan in its cell wall and MRSA lacks peptidoglycan.,The plasma membrane of Paraprevotella is surrounded by a cell wall that contains a relatively thin layer of peptidoglycan and an outer membrane and MRSA cells are surrounded by cell walls with a relatively thick layer of peptidoglycan.,Paraprevotella produces endospores but MRSA does not.,Paraprevotella lacks a plasma membrane but MRSA cells are surrounded by two plasma membranes.,,2,
Problem 15,Hypothesize how bacteria living in a person's gut might influence events occurring in the brain.,Short Answer,Bacteria in the gut may influence the brain by synthesizing essential molecules such as amino acids and vitamins which are critical for human physiology. Changes in the microbiome composition could alter the production of these chemical messengers or metabolites which then travel to the brain. Additionally the microbiome may modulate the immune system affecting inflammation levels that are linked to conditions like depression,,,,,1,
Problem 16,How might a healthy gut microbiome help improve mental health?,Short Answer,A healthy gut microbiome characterized by high species diversity and the presence of symbiotic prokaryotes plays a key role in maintaining human health. By producing necessary nutrients and regulating physiological processes (potentially including immune response and inflammation) a diverse and balanced microbiome may protect against the development of anxiety and depression as suggested by the correlation between high species richness and the absence of depressive behaviors in rats.,,,,,1,
Problem 4,"Evaluate these statements about Koch’s postulates which are used to establish a causative link between a specific microbe and a specific disease. 
Select True or False for each statement:
  The microbe must be present in individuals suffering from the disease and absent from healthy individuals.",True/False,TRUE,FALSE,,,,1,
Problem 4,"Evaluate these statements about Koch’s postulates which are used to establish a causative link between a specific microbe and a specific disease. 
Select True or False for each statement:
   The microbe must be isolated and grown in pure culture.",True/False,TRUE,FALSE,,,,1,
Problem 4,"Evaluate these statements about Koch’s postulates which are used to establish a causative link between a specific microbe and a specific disease. 
Select True or False for each statement :
  If organisms from the pure culture are injected into a healthy experimental animal the disease symptoms should appear.",True/False,TRUE,FALSE,,,,1,
Problem 4,"Evaluate these statements about Koch’s postulates which are used to establish a causative link between a specific microbe and a specific disease.
 Select True or False for each statement:
  The microbe does not have to be isolated from the experimental animal as long as the disease is present.",True/False,TRUE,FALSE,,,,2,
